-- Insert Sample Data (25 rows per table with random data and occasional NULLs)

-- Patients Data
INSERT INTO Patients (first_name, last_name, age, phone_number, esi_level) VALUES
('Alice', 'Smith', 45, '555-1234', '2 - Urgent'),
('John', 'Doe', 30, '555-5678', '3 - Moderate'),
('Maria', 'Lopez', 67, '555-9012', '1 - Emergency'),
('David', 'Kim', 52, '555-3456', '4 - Mild'),
('Emily', 'Zhang', 26, '555-7890', '2 - Urgent'),
('Michael', 'Brown', 34, '555-1111', '3 - Moderate'),
('Sarah', 'Davis', 29, '555-2222', '2 - Urgent'),
('James', 'Wilson', 41, '555-3333', '4 - Mild'),
('Linda', 'Martinez', 56, '555-4444', '1 - Emergency'),
('Robert', 'Anderson', 38, '555-5555', '2 - Urgent'),
('Jennifer', 'Thomas', 48, '555-6666', '3 - Moderate'),
('Daniel', 'Garcia', 22, '555-7777', '5 - Non-Urgent'),
('Jessica', 'Rodriguez', 33, '555-8888', '2 - Urgent'),
('William', 'Martinez', 59, '555-9999', '1 - Emergency'),
('Elizabeth', 'Hernandez', 27, '555-0000', '4 - Mild'),
('Christopher', 'Young', 31, '555-1212', '3 - Moderate'),
('Amanda', 'King', 44, '555-2323', '2 - Urgent'),
('Matthew', 'Wright', 50, '555-3434', '1 - Emergency'),
('Ashley', 'Lopez', 36, '555-4545', '4 - Mild'),
('Joshua', 'Scott', 28, '555-5656', '5 - Non-Urgent'),
('Megan', 'Green', 39, '555-6767', '2 - Urgent'),
('Andrew', 'Adams', 47, '555-7878', '3 - Moderate'),
('Nicole', 'Baker', 53, '555-8989', '1 - Emergency'),
('Ryan', 'Gonzalez', 25, '555-9090', '4 - Mild'),
('Samantha', 'Nelson', 32, '555-0101', '2 - Urgent');

-- Doctors Data
INSERT INTO Doctors (first_name, last_name, specialization) VALUES
('Adams', 'Johnson', 'Cardiology'),
('Baker', 'Lee', 'Neurology'),
('Lee', 'Williams', 'Orthopedics'),
('Jenkins', 'Sue', 'General Surgery'),
('Who', 'Shane', 'Internal Medicine'),
('Smith', 'John', 'Pediatrics'),
('Brown', 'Emily', 'Dermatology'),
('Davis', 'Michael', 'Oncology'),
('Wilson', 'Sarah', 'Radiology'),
('Martinez', 'James', 'Psychiatry'),
('Anderson', 'Robert', 'Endocrinology'),
('Thomas', 'Jennifer', 'Gastroenterology'),
('Garcia', 'Daniel', 'Pulmonology'),
('Rodriguez', 'Jessica', 'Urology'),
('Hernandez', 'Elizabeth', 'Nephrology'),
('Young', 'Christopher', 'Hematology'),
('King', 'Amanda', 'Rheumatology'),
('Wright', 'Matthew', 'Infectious Disease'),
('Lopez', 'Ashley', 'Allergy and Immunology'),
('Scott', 'Joshua', 'Geriatrics'),
('Green', 'Megan', 'Emergency Medicine'),
('Adams', 'Andrew', 'Plastic Surgery'),
('Baker', 'Nicole', 'Cardiothoracic Surgery'),
('Gonzalez', 'Ryan', 'Vascular Surgery'),
('Nelson', 'Samantha', 'Orthopedic Surgery');

-- Departments Data
INSERT INTO Departments (name, location) VALUES
('Cardiology', '2nd Floor'),
('Neurology', '3rd Floor'),
('Internal Medicine', '1st Floor'),
('Orthopedics', '4th Floor'),
('General Surgery', '5th Floor'),
('Pediatrics', '6th Floor'),
('Dermatology', '7th Floor'),
('Oncology', '8th Floor'),
('Radiology', '9th Floor'),
('Psychiatry', '10th Floor'),
('Endocrinology', '11th Floor'),
('Gastroenterology', '12th Floor'),
('Pulmonology', '13th Floor'),
('Urology', '14th Floor'),
('Nephrology', '15th Floor'),
('Hematology', '16th Floor'),
('Rheumatology', '17th Floor'),
('Infectious Disease', '18th Floor'),
('Allergy and Immunology', '19th Floor'),
('Geriatrics', '20th Floor'),
('Emergency Medicine', '21st Floor'),
('Plastic Surgery', '22nd Floor'),
('Cardiothoracic Surgery', '23rd Floor'),
('Vascular Surgery', '24th Floor'),
('Orthopedic Surgery', '25th Floor');

-- Appointments Data (Randomized patient_id, doctor_id, and occasional NULLs)
INSERT INTO Appointments (patient_id, doctor_id, department_id, appointment_date, appointment_time, reason) VALUES
(1, 1, 1, '2025-02-10', '10:00:00', 'Routine Checkup'),
(2, NULL, 2, '2025-02-11', '11:00:00', 'Migraine Consultation'),
(NULL, 3, 3, '2025-02-12', '12:00:00', 'Pediatric Follow-up'),
(4, 4, 4, '2025-02-13', '13:00:00', 'Cancer Screening'),
(5, 5, 5, '2025-02-14', '14:00:00', 'Joint Pain Consultation'),
(6, 6, 6, '2025-02-15', '15:00:00', 'Skin Check'),
(7, NULL, 7, '2025-02-16', '16:00:00', 'Tumor Consultation'),
(8, 8, 8, '2025-02-17', '17:00:00', 'X-Ray'),
(NULL, 9, 9, '2025-02-18', '18:00:00', 'Therapy Session'),
(10, 10, 10, '2025-02-19', '19:00:00', 'Mental Health Check'),
(11, 11, 11, '2025-02-20', '10:30:00', 'Diabetes Management'),
(12, 12, 12, '2025-02-21', '11:30:00', 'Stomach Pain'),
(13, NULL, 13, '2025-02-22', '12:30:00', 'Lung Check'),
(14, 14, 14, '2025-02-23', '13:30:00', 'Kidney Function Test'),
(15, 15, 15, '2025-02-24', '14:30:00', 'Blood Disorder'),
(16, 16, 16, '2025-02-25', '15:30:00', 'Joint Pain'),
(17, 17, 17, '2025-02-26', '16:30:00', 'Infection Consultation'),
(18, NULL, 18, '2025-02-27', '17:30:00', 'Allergy Test'),
(19, 19, 19, '2025-02-28', '18:30:00', 'Elderly Care'),
(20, 20, 20, '2025-03-01', '19:30:00', 'Emergency Visit'),
(21, 21, 21, '2025-03-02', '10:00:00', 'Cosmetic Consultation'),
(22, 22, 22, '2025-03-03', '11:00:00', 'Heart Surgery Follow-up'),
(23, 23, 23, '2025-03-04', '12:00:00', 'Vascular Check'),
(24, 24, 24, '2025-03-05', '13:00:00', 'Bone Fracture'),
(25, 25, 25, '2025-03-06', '14:00:00', 'Post-Surgery Check');

-- Treatments Data
INSERT INTO Treatments (description, cost) VALUES
('Blood Pressure Control', 150.00),
('MRI Scan', 500.00),
('Routine Checkup', 200.00),
('Knee Surgery', 1000.00),
('Appendectomy', 3000.00),
('Skin Biopsy', 250.00),
('Chemotherapy', 2000.00),
('X-Ray', 100.00),
('Psychotherapy Session', 150.00),
('CT Scan', 600.00),
('Diabetes Management', 300.00),
('Endoscopy', 1200.00),
('Lung Function Test', 400.00),
('Dialysis', 2500.00),
('Blood Transfusion', 800.00),
('Joint Injection', 350.00),
('Antibiotic Therapy', 200.00),
('Allergy Testing', 150.00),
('Elderly Care Consultation', 100.00),
('Emergency Room Visit', 500.00),
('Cosmetic Surgery', 5000.00),
('Heart Surgery', 10000.00),
('Vascular Surgery', 7500.00),
('Bone Fracture Repair', 3000.00),
('Post-Surgery Rehabilitation', 1200.00);

-- Doctors_Departments Data (Randomized doctor_id and department_id)
INSERT INTO Doctors_Departments (doctor_id, department_id) VALUES
(1, 1),
(2, 2),
(3, 3),
(4, 4),
(5, 5),
(6, 6),
(7, 7),
(8, 8),
(9, 9),
(10, 10),
(11, 11),
(12, 12),
(13, 13),
(14, 14),
(15, 15),
(16, 16),
(17, 17),
(18, 18),
(19, 19),
(20, 20),
(21, 21),
(22, 22),
(23, 23),
(24, 24),
(25, 25);

-- Patients_Treatments Data (Randomized patient_id and treatment_id, with occasional NULLs)
INSERT INTO Patients_Treatments (patient_id, treatment_id) VALUES
(1, 1),
(2, 2),
(3, 3),
(4, 4),
(5, 5),
(6, 6),
(7, 7),
(8, 8),
(9, 9),
(10, 10),
(11, 11),
(12, 12),
(13, 13),
(14, 14),
(15, 15),
(16, 16),
(17, 17),
(18, 18),
(19, 19),
(20, 20),
(21, 21),
(22, 22),
(23, 23),
(24, 24),
(25, 25);